{
    "camera_matrix": [
        [
            877.332543603526,
            0.0,
            807.7644318708108
        ],
        [
            0.0,
            876.8708591354872,
            610.7690153579572
        ],
        [
            0.0,
            0.0,
            1.0
        ]
    ],
    "distortion_coefficients": [
        [
            -0.12576307571625364,
            0.10604976125333263,
            5.510534438563157e-05,
            -0.0008210329696668735,
            0.0020028522357149604,
            0.164488421382005,
            0.05155993266775735,
            0.028298662841643868
        ]
    ],
    "serial_number": "319236"
}